{"cameraMode":{"drawMode":0,"name":"Shaded","section":"Shading Mode"},"sceneLighting":false,"audioPlay":false,"sceneViewState":{"m_AlwaysRefresh":false,"showFog":true,"showSkybox":false,"showFlares":true,"showImageEffects":true,"showParticleSystems":true,"showVisualEffectGraphs":true,"m_FxEnabled":true},"in2DMode":false,"pivot":{"x":-0.10912194848060608,"y":1.2033374309539796,"z":0.036138951778411868},"rotation":{"x":0.03099648840725422,"y":-0.969001293182373,"z":0.17814050614833833,"w":0.16853360831737519},"size":0.697367787361145,"orthographic":false}