{"cameraMode":{"drawMode":0,"name":"Shaded","section":"Shading Mode"},"sceneLighting":false,"audioPlay":false,"sceneViewState":{"m_AlwaysRefresh":false,"showFog":true,"showSkybox":false,"showFlares":true,"showImageEffects":true,"showParticleSystems":true,"showVisualEffectGraphs":true,"m_FxEnabled":true},"in2DMode":false,"pivot":{"x":0.0799490213394165,"y":0.9678124189376831,"z":-0.42801403999328616},"rotation":{"x":0.01687377691268921,"y":-0.9770455956459045,"z":0.0846252590417862,"w":0.19480068981647492},"size":1.0591096878051758,"orthographic":false}