{"cameraMode":{"drawMode":0,"name":"Shaded","section":"Shading Mode"},"sceneLighting":true,"audioPlay":false,"sceneViewState":{"m_AlwaysRefresh":false,"showFog":true,"showSkybox":true,"showFlares":true,"showImageEffects":true,"showParticleSystems":true,"showVisualEffectGraphs":true,"m_FxEnabled":true},"in2DMode":false,"pivot":{"x":101.93641662597656,"y":-57.731346130371097,"z":84.88204956054688},"rotation":{"x":0.5766808390617371,"y":0.006771433167159557,"z":-0.004918219055980444,"w":0.8170867562294006},"size":40.53868103027344,"orthographic":false}